{"stats":{"minecraft:crafted":{"minecraft:oak_planks":72,"minecraft:birch_boat":3,"minecraft:cooked_chicken":4,"minecraft:cooked_mutton":3,"minecraft:bow":1,"minecraft:iron_boots":1,"minecraft:chest":9,"minecraft:cooked_porkchop":51,"minecraft:crafting_table":8,"minecraft:spruce_planks":176,"minecraft:baked_potato":74,"minecraft:wooden_pickaxe":1,"minecraft:iron_helmet":2,"minecraft:spruce_door":3,"minecraft:gold_block":3,"minecraft:birch_planks":28,"minecraft:book":3,"minecraft:iron_chestplate":1,"minecraft:charcoal":1,"minecraft:shield":2,"minecraft:stick":64,"minecraft:iron_ingot":65,"minecraft:iron_pickaxe":7,"minecraft:iron_block":1,"minecraft:stone_sword":1,"minecraft:snow_block":733,"minecraft:gold_ingot":115,"minecraft:oak_door":3,"minecraft:fishing_rod":2,"minecraft:leather_boots":2,"minecraft:wind_charge":8,"minecraft:furnace":7,"minecraft:spruce_stairs":48,"minecraft:iron_axe":2,"minecraft:spruce_slab":36,"minecraft:stone_pickaxe":2,"minecraft:spruce_boat":1,"minecraft:netherite_scrap":4,"minecraft:golden_helmet":2,"minecraft:cooked_beef":9,"minecraft:enchanting_table":1,"minecraft:iron_sword":1,"minecraft:stone_axe":1,"minecraft:air":0,"minecraft:oak_boat":1,"minecraft:iron_shovel":15,"minecraft:iron_leggings":2,"minecraft:white_bed":2,"minecraft:torch":48},"minecraft:broken":{"minecraft:iron_shovel":11,"minecraft:stone_pickaxe":2,"minecraft:wooden_pickaxe":1,"minecraft:iron_pickaxe":4},"minecraft:mined":{"minecraft:waxed_cut_copper_slab":4,"minecraft:spruce_planks":1,"minecraft:granite":41,"minecraft:chiseled_polished_blackstone":1,"minecraft:grass_block":54,"minecraft:cracked_polished_blackstone_bricks":71,"minecraft:soul_soil":15,"minecraft:tuff_bricks":18,"minecraft:tall_seagrass":1,"minecraft:polished_blackstone_bricks":131,"minecraft:weeping_vines_plant":4,"minecraft:bamboo_wall_hanging_sign":1,"minecraft:magma_block":1,"minecraft:glowstone":22,"minecraft:iron_ore":75,"minecraft:cobbled_deepslate":8,"minecraft:fire":12,"minecraft:waxed_oxidized_copper_bulb":1,"minecraft:pumpkin":21,"minecraft:deepslate_lapis_ore":2,"minecraft:spruce_slab":22,"minecraft:jungle_trapdoor":10,"minecraft:waxed_cut_copper":2,"minecraft:deepslate_redstone_ore":1,"minecraft:jungle_door":1,"minecraft:blackstone":23,"minecraft:crimson_nylium":9,"minecraft:powder_snow":10,"minecraft:torch":2,"minecraft:chest":5,"minecraft:nether_quartz_ore":54,"minecraft:cobblestone":4,"minecraft:sugar_cane":14,"minecraft:oak_planks":3,"minecraft:wall_torch":3,"minecraft:chain":10,"minecraft:waxed_copper_bulb":8,"minecraft:nether_wart_block":3,"minecraft:birch_log":7,"minecraft:waxed_copper_block":4,"minecraft:oak_log":19,"minecraft:waxed_oxidized_copper":8,"minecraft:dirt":87,"minecraft:smooth_basalt":1,"minecraft:dispenser":8,"minecraft:netherrack":131,"minecraft:oak_leaves":8,"minecraft:deepslate":162,"minecraft:tuff":14,"minecraft:deepslate_diamond_ore":17,"minecraft:oak_door":8,"minecraft:decorated_pot":27,"minecraft:crimson_roots":3,"minecraft:weeping_vines":1,"minecraft:spruce_leaves":10,"minecraft:red_mushroom":3,"minecraft:large_fern":2,"minecraft:furnace":11,"minecraft:waxed_copper_grate":5,"minecraft:snow":2855,"minecraft:andesite":86,"minecraft:stripped_spruce_log":2,"minecraft:gold_block":17,"minecraft:deepslate_iron_ore":48,"minecraft:shroomlight":7,"minecraft:lantern":4,"minecraft:waxed_weathered_copper_bulb":3,"minecraft:stone":573,"minecraft:bone_block":63,"minecraft:waxed_exposed_copper_bulb":1,"minecraft:light_gray_carpet":1,"minecraft:snow_block":123,"minecraft:basalt":14,"minecraft:crafting_table":4,"minecraft:short_grass":88,"minecraft:blackstone_slab":2,"minecraft:tall_grass":1,"minecraft:deepslate_gold_ore":10,"minecraft:lapis_ore":2,"minecraft:diorite":34,"minecraft:blue_bed":7,"minecraft:spruce_stairs":36,"minecraft:ice":325,"minecraft:white_carpet":6,"minecraft:spruce_log":17,"minecraft:birch_leaves":5,"minecraft:white_wall_banner":1,"minecraft:coal_ore":100,"minecraft:gravel":8},"minecraft:dropped":{"minecraft:guster_pottery_sherd":4,"minecraft:spruce_sign":2,"minecraft:iron_sword":3,"minecraft:soul_sand":3,"minecraft:birch_planks":3,"minecraft:porkchop":6,"minecraft:diamond_axe":1,"minecraft:baked_potato":1,"minecraft:diamond":16,"minecraft:cooked_porkchop":4,"minecraft:decorated_pot":3,"minecraft:weeping_vines":5,"minecraft:honeycomb":4,"minecraft:music_disc_creator_music_box":2,"minecraft:emerald":27,"minecraft:gold_block":4,"minecraft:cracked_polished_blackstone_bricks":5,"minecraft:ice":327,"minecraft:crimson_roots":2,"minecraft:coast_armor_trim_smithing_template":2,"minecraft:snowball":16,"minecraft:blue_bed":1,"minecraft:bone":37,"minecraft:gold_ingot":197,"minecraft:gravel":5,"minecraft:red_glazed_terracotta":2,"minecraft:blackstone":6,"minecraft:sugar_cane":21,"minecraft:iron_nugget":14,"minecraft:cobbled_deepslate":50,"minecraft:obsidian":1,"minecraft:rotten_flesh":17,"minecraft:oak_planks":4,"minecraft:glowstone_dust":7,"minecraft:light_gray_carpet":2,"minecraft:cooked_mutton":1,"minecraft:honey_bottle":8,"minecraft:jungle_trapdoor":6,"minecraft:white_bed":1,"minecraft:waxed_copper_block":5,"minecraft:red_candle":4,"minecraft:lingering_potion":2,"minecraft:leather_boots":2,"minecraft:breeze_rod":7,"minecraft:basalt":1,"minecraft:arrow":82,"minecraft:ghast_tear":1,"minecraft:netherrack":15,"minecraft:enchanted_book":1,"minecraft:iron_ingot":11,"minecraft:wheat_seeds":2,"minecraft:cobblestone":1,"minecraft:iron_helmet":1,"minecraft:feather":3,"minecraft:waxed_copper_grate":8,"minecraft:granite":1,"minecraft:grass_block":1,"minecraft:stick":2,"minecraft:torch":12,"minecraft:nether_wart_block":2,"minecraft:waxed_copper_bulb":2,"minecraft:waxed_oxidized_copper":43,"minecraft:potion":1,"minecraft:iron_leggings":1,"minecraft:paper":10,"minecraft:string":2,"minecraft:redstone":31,"minecraft:snow_block":680,"minecraft:furnace":5,"minecraft:bamboo_hanging_sign":4,"minecraft:iron_boots":2,"minecraft:filled_map":3,"minecraft:oak_button":4,"minecraft:trial_key":2,"minecraft:spruce_planks":14,"minecraft:iron_chestplate":2,"minecraft:andesite":10,"minecraft:golden_leggings":1,"minecraft:golden_sword":2,"minecraft:spider_eye":2,"minecraft:spruce_log":57,"minecraft:slime_ball":26,"minecraft:birch_boat":1,"minecraft:raw_gold":8,"minecraft:brick":94},"minecraft:custom":{"minecraft:animals_bred":1,"minecraft:interact_with_crafting_table":89,"minecraft:open_barrel":3,"minecraft:bell_ring":18,"minecraft:leave_game":8,"minecraft:time_since_death":11797,"minecraft:sprint_one_cm":951705,"minecraft:damage_blocked_by_shield":2485,"minecraft:drop":344,"minecraft:talked_to_villager":8,"minecraft:play_time":506133,"minecraft:deaths":1,"minecraft:jump":5566,"minecraft:walk_on_water_one_cm":52630,"minecraft:interact_with_furnace":112,"minecraft:interact_with_cartography_table":2,"minecraft:sleep_in_bed":12,"minecraft:damage_dealt":29245,"minecraft:crouch_one_cm":155377,"minecraft:interact_with_smoker":13,"minecraft:inspect_dispenser":13,"minecraft:mob_kills":231,"minecraft:climb_one_cm":3559,"minecraft:walk_one_cm":1488576,"minecraft:sneak_time":46286,"minecraft:walk_under_water_one_cm":44283,"minecraft:boat_one_cm":357839,"minecraft:interact_with_blast_furnace":14,"minecraft:total_world_time":506133,"minecraft:time_since_rest":7565,"minecraft:damage_taken":6768,"minecraft:swim_one_cm":205416,"minecraft:fly_one_cm":876464,"minecraft:open_chest":399,"minecraft:fall_one_cm":160282},"minecraft:killed":{"minecraft:spider":11,"minecraft:skeleton":21,"minecraft:chicken":13,"minecraft:piglin_brute":3,"minecraft:magma_cube":5,"minecraft:piglin":12,"minecraft:pig":16,"minecraft:creeper":3,"minecraft:sheep":7,"minecraft:pillager":4,"minecraft:zombie":24,"minecraft:stray":2,"minecraft:ghast":1,"minecraft:cow":11,"minecraft:bogged":15,"minecraft:slime":56,"minecraft:drowned":1,"minecraft:husk":13,"minecraft:bat":1,"minecraft:hoglin":6,"minecraft:enderman":4},"minecraft:picked_up":{"minecraft:iron_chestplate":3,"minecraft:flower_pot":1,"minecraft:diamond_sword":1,"minecraft:potion":3,"minecraft:enchanted_book":1,"minecraft:nether_brick":27,"minecraft:golden_sword":2,"minecraft:music_disc_cat":1,"minecraft:string":32,"minecraft:soul_soil":27,"minecraft:waxed_cut_copper_slab":4,"minecraft:iron_leggings":2,"minecraft:red_candle":4,"minecraft:shroomlight":6,"minecraft:diamond_leggings":2,"minecraft:cobbled_deepslate":280,"minecraft:bucket":1,"minecraft:spruce_planks":2,"minecraft:trial_key":5,"minecraft:iron_pickaxe":1,"minecraft:furnace":16,"minecraft:iron_boots":1,"minecraft:tipped_arrow":6,"minecraft:stick":10,"minecraft:jungle_door":1,"minecraft:torch":17,"minecraft:spruce_stairs":35,"minecraft:snow_block":619,"minecraft:porkchop":62,"minecraft:diorite":19,"minecraft:waxed_weathered_copper_bulb":3,"minecraft:waxed_copper_grate":5,"minecraft:honey_bottle":8,"minecraft:rotten_flesh":90,"minecraft:waxed_cut_copper":2,"minecraft:obsidian":6,"minecraft:snowball":2998,"minecraft:cobblestone":517,"minecraft:birch_log":7,"minecraft:magma_block":1,"minecraft:feather":12,"minecraft:cooked_beef":4,"minecraft:magma_cream":6,"minecraft:andesite":90,"minecraft:golden_leggings":2,"minecraft:smoker":1,"minecraft:potato":344,"minecraft:tuff":16,"minecraft:lapis_lazuli":46,"minecraft:dirt":172,"minecraft:lantern":7,"minecraft:leather_boots":1,"minecraft:bone":77,"minecraft:bow":2,"minecraft:wheat_seeds":2,"minecraft:raw_gold":28,"minecraft:glowstone_dust":70,"minecraft:oak_planks":7,"minecraft:honeycomb":4,"minecraft:ghast_tear":3,"minecraft:chiseled_polished_blackstone":1,"minecraft:cooked_porkchop":5,"minecraft:waxed_oxidized_copper_bulb":1,"minecraft:poisonous_potato":1,"minecraft:stripped_spruce_log":1,"minecraft:grass_block":2,"minecraft:spectral_arrow":107,"minecraft:dispenser":6,"minecraft:diamond":36,"minecraft:spruce_boat":8,"minecraft:cracked_polished_blackstone_bricks":40,"minecraft:granite":28,"minecraft:crossbow":2,"minecraft:breeze_rod":11,"minecraft:bone_meal":1,"minecraft:emerald":41,"minecraft:spruce_sign":2,"minecraft:bread":3,"minecraft:light_gray_carpet":2,"minecraft:netherrack":21,"minecraft:crimson_roots":2,"minecraft:lingering_potion":3,"minecraft:crafting_table":4,"minecraft:ominous_bottle":2,"minecraft:splash_potion":1,"minecraft:chicken":13,"minecraft:gold_block":19,"minecraft:chain":10,"minecraft:shield":1,"minecraft:brick":140,"minecraft:jungle_trapdoor":11,"minecraft:iron_axe":2,"minecraft:iron_shovel":3,"minecraft:white_carpet":6,"minecraft:blackstone":28,"minecraft:beef":21,"minecraft:oak_boat":3,"minecraft:iron_nugget":35,"minecraft:spruce_slab":29,"minecraft:guster_pottery_sherd":6,"minecraft:sugar_cane":48,"minecraft:chest":4,"minecraft:waxed_oxidized_copper":10,"minecraft:egg":9,"minecraft:raw_iron":164,"minecraft:oak_door":8,"minecraft:bamboo_hanging_sign":5,"minecraft:fire_charge":2,"minecraft:flow_pottery_sherd":2,"minecraft:polished_blackstone_bricks":121,"minecraft:carrot":1,"minecraft:redstone":43,"minecraft:music_disc_creator_music_box":2,"minecraft:arrow":129,"minecraft:weeping_vines":5,"minecraft:decorated_pot":8,"minecraft:diamond_boots":2,"minecraft:saddle":1,"minecraft:gold_ingot":81,"minecraft:tuff_bricks":16,"minecraft:mutton":8,"minecraft:bone_block":65,"minecraft:white_wool":7,"minecraft:basalt":14,"minecraft:crimson_stem":9,"minecraft:blackstone_slab":2,"minecraft:leather":60,"minecraft:red_glazed_terracotta":2,"minecraft:red_mushroom":2,"minecraft:filled_map":3,"minecraft:birch_planks":1,"minecraft:ice":537,"minecraft:waxed_copper_bulb":9,"minecraft:oak_log":19,"minecraft:waxed_copper_block":10,"minecraft:ancient_debris":1,"minecraft:nether_wart_block":2,"minecraft:gunpowder":3,"minecraft:blue_bed":6,"minecraft:paper":10,"minecraft:white_banner":4,"minecraft:cooked_mutton":12,"minecraft:coast_armor_trim_smithing_template":2,"minecraft:iron_ingot":34,"minecraft:cooked_chicken":11,"minecraft:iron_sword":2,"minecraft:soul_sand":8,"minecraft:smooth_basalt":1,"minecraft:pumpkin":21,"minecraft:waxed_exposed_copper_bulb":3,"minecraft:quartz":102,"minecraft:gravel":20,"minecraft:blast_furnace":1,"minecraft:spruce_log":116,"minecraft:crying_obsidian":10,"minecraft:polished_tuff":1,"minecraft:spider_eye":5,"minecraft:slime_ball":47,"minecraft:iron_helmet":2,"minecraft:diamond_axe":1,"minecraft:oak_button":10,"minecraft:baked_potato":28,"minecraft:coal":149,"minecraft:ender_pearl":1},"minecraft:killed_by":{"minecraft:player":1},"minecraft:used":{"minecraft:tuff_bricks":1,"minecraft:iron_shovel":3023,"minecraft:dispenser":1,"minecraft:spruce_slab":58,"minecraft:chest":13,"minecraft:shield":83,"minecraft:iron_sword":250,"minecraft:rotten_flesh":6,"minecraft:iron_chestplate":1,"minecraft:waxed_copper_grate":2,"minecraft:tuff":4,"minecraft:snowball":1,"minecraft:obsidian":11,"minecraft:spruce_boat":8,"minecraft:waxed_oxidized_copper":11,"minecraft:waxed_exposed_copper_bulb":1,"minecraft:golden_sword":1,"minecraft:magma_block":1,"minecraft:bow":7,"minecraft:furnace":19,"minecraft:egg":2,"minecraft:potato":2,"minecraft:diorite":2,"minecraft:diamond_boots":1,"minecraft:spruce_door":2,"minecraft:oak_planks":11,"minecraft:stone_pickaxe":262,"minecraft:blackstone":11,"minecraft:wooden_pickaxe":59,"minecraft:blue_bed":5,"minecraft:diamond_axe":273,"minecraft:blast_furnace":1,"minecraft:crossbow":35,"minecraft:bread":12,"minecraft:gravel":2,"minecraft:golden_helmet":1,"minecraft:diamond_sword":116,"minecraft:andesite":7,"minecraft:ice":206,"minecraft:oak_boat":3,"minecraft:enchanting_table":1,"minecraft:stone_sword":106,"minecraft:spruce_planks":5,"minecraft:cooked_chicken":6,"minecraft:trial_key":3,"minecraft:netherrack":5,"minecraft:oak_door":8,"minecraft:torch":53,"minecraft:dirt":183,"minecraft:white_carpet":6,"minecraft:spruce_stairs":83,"minecraft:jungle_trapdoor":3,"minecraft:iron_axe":215,"minecraft:bamboo_hanging_sign":1,"minecraft:basalt":11,"minecraft:soul_soil":11,"minecraft:cooked_beef":9,"minecraft:cobbled_deepslate":60,"minecraft:golden_axe":15,"minecraft:iron_leggings":1,"minecraft:cooked_mutton":10,"minecraft:snow_block":588,"minecraft:baked_potato":22,"minecraft:birch_boat":2,"minecraft:waxed_copper_block":1,"minecraft:polished_blackstone_bricks":56,"minecraft:crafting_table":12,"minecraft:white_bed":1,"minecraft:spruce_log":16,"minecraft:smoker":1,"minecraft:diamond_shovel":152,"minecraft:wind_charge":8,"minecraft:cracked_polished_blackstone_bricks":34,"minecraft:iron_pickaxe":1493,"minecraft:stone_axe":45,"minecraft:cobblestone":15,"minecraft:potion":1,"minecraft:white_banner":2,"minecraft:cooked_porkchop":42}},"DataVersion":3953}