{"stats":{"minecraft:crafted":{"minecraft:smooth_stone":4,"minecraft:oak_planks":64,"minecraft:blaze_powder":14,"minecraft:cooked_chicken":8,"minecraft:stone":11,"minecraft:cooked_mutton":4,"minecraft:diamond_helmet":1,"minecraft:diamond_leggings":2,"minecraft:iron_boots":1,"minecraft:chest":4,"minecraft:golden_boots":1,"minecraft:emerald":118,"minecraft:cooked_porkchop":25,"minecraft:crafting_table":7,"minecraft:spruce_planks":1664,"minecraft:iron_helmet":1,"minecraft:baked_potato":158,"minecraft:fletching_table":1,"minecraft:iron_chestplate":1,"minecraft:diamond_pickaxe":1,"minecraft:golden_leggings":2,"minecraft:shield":1,"minecraft:stick":2964,"minecraft:iron_pickaxe":1,"minecraft:iron_ingot":23,"minecraft:snow_block":108,"minecraft:gold_ingot":144,"minecraft:spruce_button":1,"minecraft:furnace":1,"minecraft:blast_furnace":1,"minecraft:bone_meal":279,"minecraft:iron_axe":1,"minecraft:diamond_boots":2,"minecraft:spruce_boat":2,"minecraft:golden_helmet":2,"minecraft:chainmail_leggings":6,"minecraft:cooked_beef":21,"minecraft:spruce_sign":3,"minecraft:iron_sword":1,"minecraft:glowstone":3,"minecraft:air":0,"minecraft:chainmail_boots":6,"minecraft:iron_shovel":3,"minecraft:iron_leggings":5,"minecraft:diamond_chestplate":1},"minecraft:broken":{"minecraft:golden_helmet":1,"minecraft:iron_shovel":3,"minecraft:iron_sword":1,"minecraft:iron_pickaxe":1},"minecraft:mined":{"minecraft:waxed_cut_copper_slab":1,"minecraft:white_bed":1,"minecraft:brewing_stand":1,"minecraft:obsidian":4,"minecraft:granite":48,"minecraft:chiseled_polished_blackstone":3,"minecraft:grass_block":329,"minecraft:cracked_polished_blackstone_bricks":21,"minecraft:soul_soil":20,"minecraft:tuff_bricks":2,"minecraft:gilded_blackstone":1,"minecraft:spawner":2,"minecraft:polished_blackstone_bricks":55,"minecraft:weeping_vines_plant":1,"minecraft:bamboo_wall_hanging_sign":2,"minecraft:magma_block":2,"minecraft:glowstone":4,"minecraft:iron_ore":3,"minecraft:cobbled_deepslate":12,"minecraft:fire":13,"minecraft:polished_tuff":5,"minecraft:pumpkin":7,"minecraft:fletching_table":4,"minecraft:dirt_path":1,"minecraft:jungle_trapdoor":1,"minecraft:deepslate_redstone_ore":7,"minecraft:blackstone":20,"minecraft:medium_amethyst_bud":1,"minecraft:smoker":1,"minecraft:crimson_nylium":9,"minecraft:powder_snow":21,"minecraft:blast_furnace":3,"minecraft:nether_quartz_ore":94,"minecraft:cobblestone":4,"minecraft:sugar_cane":2,"minecraft:iron_door":22,"minecraft:deepslate_copper_ore":2,"minecraft:waxed_copper_bulb":2,"minecraft:red_candle":1,"minecraft:nether_wart_block":3,"minecraft:birch_log":2,"minecraft:wheat":9,"minecraft:waxed_copper_block":6,"minecraft:warped_fungus":2,"minecraft:smooth_stone_slab":1,"minecraft:oak_log":17,"minecraft:waxed_oxidized_copper":48,"minecraft:dirt":68,"minecraft:wither_skeleton_skull":1,"minecraft:stonecutter":1,"minecraft:netherrack":246,"minecraft:oak_leaves":1,"minecraft:deepslate":91,"minecraft:tuff":3,"minecraft:deepslate_diamond_ore":6,"minecraft:glow_lichen":1,"minecraft:nether_bricks":8,"minecraft:decorated_pot":5,"minecraft:crimson_roots":5,"minecraft:weeping_vines":1,"minecraft:spruce_leaves":28,"minecraft:crimson_stem":10,"minecraft:large_fern":2,"minecraft:furnace":1,"minecraft:carrots":5,"minecraft:waxed_copper_grate":7,"minecraft:snow":410,"minecraft:andesite":29,"minecraft:gold_block":5,"minecraft:potatoes":151,"minecraft:shroomlight":3,"minecraft:lantern":36,"minecraft:packed_ice":1,"minecraft:stone":311,"minecraft:bone_block":59,"minecraft:waxed_exposed_copper_bulb":2,"minecraft:light_gray_carpet":1,"minecraft:soul_sand":23,"minecraft:infested_stone_bricks":2,"minecraft:snow_block":2,"minecraft:basalt":3,"minecraft:short_grass":8,"minecraft:copper_ore":1,"minecraft:tall_grass":1,"minecraft:red_glazed_terracotta":2,"minecraft:deepslate_gold_ore":8,"minecraft:diorite":28,"minecraft:stripped_spruce_wood":2,"minecraft:waxed_oxidized_copper_grate":3,"minecraft:ice":74,"minecraft:spruce_log":492,"minecraft:coal_ore":112,"minecraft:flower_pot":1,"minecraft:gravel":28,"minecraft:cobweb":2,"minecraft:cracked_stone_bricks":4,"minecraft:stone_bricks":6,"minecraft:mossy_stone_bricks":7,"minecraft:fern":2},"minecraft:dropped":{"minecraft:guster_pottery_sherd":1,"minecraft:crimson_stem":9,"minecraft:spruce_sign":5,"minecraft:iron_sword":2,"minecraft:soul_sand":17,"minecraft:moss_block":2,"minecraft:porkchop":14,"minecraft:ominous_bottle":3,"minecraft:diamond_axe":1,"minecraft:warped_fungus":2,"minecraft:cooked_beef":4,"minecraft:baked_potato":3,"minecraft:glass_bottle":1,"minecraft:cooked_porkchop":5,"minecraft:decorated_pot":1,"minecraft:weeping_vines":2,"minecraft:crossbow":1,"minecraft:leather":10,"minecraft:red_mushroom":1,"minecraft:flint":1,"minecraft:emerald":30,"minecraft:spruce_leaves":3,"minecraft:cracked_polished_blackstone_bricks":5,"minecraft:dirt":28,"minecraft:ice":336,"minecraft:crimson_roots":10,"minecraft:snowball":32,"minecraft:bone_meal":2,"minecraft:polished_blackstone_bricks":8,"minecraft:white_wool":1,"minecraft:bone":48,"minecraft:gold_ingot":348,"minecraft:gravel":198,"minecraft:blackstone":9,"minecraft:cooked_chicken":6,"minecraft:cobbled_deepslate":15,"minecraft:nether_brick":24,"minecraft:wheat":3,"minecraft:rotten_flesh":22,"minecraft:light_gray_carpet":3,"minecraft:blaze_powder":14,"minecraft:cooked_mutton":4,"minecraft:waxed_copper_block":9,"minecraft:carrot":2,"minecraft:wind_charge":6,"minecraft:gunpowder":2,"minecraft:chainmail_boots":6,"minecraft:basalt":3,"minecraft:scaffolding":6,"minecraft:quartz":23,"minecraft:splash_potion":1,"minecraft:netherrack":25,"minecraft:enchanted_book":1,"minecraft:golden_boots":1,"minecraft:iron_ingot":38,"minecraft:diamond_leggings":1,"minecraft:poisonous_potato":1,"minecraft:iron_helmet":2,"minecraft:cobblestone":127,"minecraft:waxed_copper_grate":16,"minecraft:spectral_arrow":76,"minecraft:granite":52,"minecraft:spruce_stairs":1,"minecraft:stick":11,"minecraft:diorite":17,"minecraft:nether_wart_block":2,"minecraft:waxed_copper_bulb":1,"minecraft:potion":2,"minecraft:iron_leggings":8,"minecraft:pumpkin":2,"minecraft:iron_axe":1,"minecraft:smooth_stone":1,"minecraft:chainmail_leggings":7,"minecraft:string":7,"minecraft:redstone":5,"minecraft:snow_block":321,"minecraft:soul_soil":17,"minecraft:raw_copper":8,"minecraft:iron_boots":2,"minecraft:smoker":1,"minecraft:blast_furnace":1,"minecraft:filled_map":1,"minecraft:potato":344,"minecraft:shroomlight":3,"minecraft:flower_pot":1,"minecraft:trial_key":1,"minecraft:spruce_planks":30,"minecraft:andesite":1,"minecraft:golden_leggings":1,"minecraft:golden_sword":2,"minecraft:spider_eye":1,"minecraft:diamond_boots":1,"minecraft:spruce_log":100,"minecraft:bow":1,"minecraft:waxed_exposed_copper_bulb":2},"minecraft:custom":{"minecraft:animals_bred":1,"minecraft:interact_with_crafting_table":34,"minecraft:open_barrel":3,"minecraft:leave_game":7,"minecraft:time_since_death":240719,"minecraft:sprint_one_cm":1187777,"minecraft:damage_blocked_by_shield":295,"minecraft:drop":531,"minecraft:talked_to_villager":59,"minecraft:play_time":517403,"minecraft:deaths":2,"minecraft:jump":8585,"minecraft:walk_on_water_one_cm":31172,"minecraft:interact_with_furnace":56,"minecraft:traded_with_villager":143,"minecraft:sleep_in_bed":18,"minecraft:damage_dealt":25148,"minecraft:player_kills":1,"minecraft:crouch_one_cm":68009,"minecraft:interact_with_smoker":27,"minecraft:inspect_dispenser":19,"minecraft:mob_kills":250,"minecraft:climb_one_cm":6833,"minecraft:walk_one_cm":1569038,"minecraft:strider_one_cm":101523,"minecraft:sneak_time":20545,"minecraft:walk_under_water_one_cm":19916,"minecraft:boat_one_cm":410401,"minecraft:interact_with_blast_furnace":9,"minecraft:total_world_time":517403,"minecraft:time_since_rest":121308,"minecraft:damage_absorbed":80,"minecraft:damage_taken":9246,"minecraft:swim_one_cm":34271,"minecraft:fly_one_cm":1664509,"minecraft:open_chest":174,"minecraft:fall_one_cm":227574},"minecraft:killed":{"minecraft:zombified_piglin":2,"minecraft:witch":1,"minecraft:spider":2,"minecraft:skeleton":13,"minecraft:chicken":2,"minecraft:silverfish":1,"minecraft:piglin_brute":8,"minecraft:wolf":4,"minecraft:magma_cube":23,"minecraft:piglin":16,"minecraft:pig":15,"minecraft:zombie_villager":1,"minecraft:strider":3,"minecraft:sheep":4,"minecraft:zombie":14,"minecraft:stray":4,"minecraft:ghast":9,"minecraft:blaze":30,"minecraft:cow":8,"minecraft:bogged":8,"minecraft:slime":43,"minecraft:phantom":1,"minecraft:husk":11,"minecraft:hoglin":4,"minecraft:polar_bear":1,"minecraft:breeze":5,"minecraft:wither_skeleton":5,"minecraft:enderman":1},"minecraft:picked_up":{"minecraft:iron_chestplate":2,"minecraft:wheat":7,"minecraft:flower_pot":1,"minecraft:potion":8,"minecraft:enchanted_book":1,"minecraft:gilded_blackstone":1,"minecraft:nether_brick":93,"minecraft:brewing_stand":1,"minecraft:golden_sword":5,"minecraft:string":36,"minecraft:soul_soil":23,"minecraft:raw_copper":8,"minecraft:smooth_stone_slab":1,"minecraft:iron_leggings":5,"minecraft:red_candle":4,"minecraft:shroomlight":7,"minecraft:diamond_leggings":1,"minecraft:cobbled_deepslate":61,"minecraft:smooth_stone":1,"minecraft:spruce_planks":76,"minecraft:trial_key":9,"minecraft:ender_eye":4,"minecraft:iron_pickaxe":1,"minecraft:furnace":1,"minecraft:iron_boots":4,"minecraft:tipped_arrow":67,"minecraft:golden_helmet":1,"minecraft:stick":5,"minecraft:spruce_stairs":1,"minecraft:snow_block":416,"minecraft:porkchop":48,"minecraft:golden_axe":1,"minecraft:waxed_copper_grate":31,"minecraft:diorite":32,"minecraft:stone_sword":1,"minecraft:honey_bottle":4,"minecraft:rotten_flesh":73,"minecraft:iron_block":4,"minecraft:blaze_rod":12,"minecraft:obsidian":21,"minecraft:snowball":528,"minecraft:blaze_powder":14,"minecraft:cobblestone":324,"minecraft:birch_log":2,"minecraft:magma_block":2,"minecraft:iron_door":20,"minecraft:cooked_beef":8,"minecraft:warped_fungus_on_a_stick":1,"minecraft:water_bucket":2,"minecraft:andesite":70,"minecraft:smoker":1,"minecraft:potato":534,"minecraft:flint":4,"minecraft:tuff":1,"minecraft:stripped_spruce_wood":2,"minecraft:wither_skeleton_skull":2,"minecraft:dirt":358,"minecraft:lantern":35,"minecraft:leather_boots":1,"minecraft:bone":68,"minecraft:stonecutter":1,"minecraft:bow":5,"minecraft:wheat_seeds":29,"minecraft:raw_gold":8,"minecraft:mossy_stone_bricks":5,"minecraft:fletching_table":4,"minecraft:glowstone_dust":17,"minecraft:scrape_pottery_sherd":1,"minecraft:chiseled_polished_blackstone":4,"minecraft:cooked_porkchop":4,"minecraft:poisonous_potato":1,"minecraft:grass_block":2,"minecraft:spectral_arrow":152,"minecraft:dispenser":8,"minecraft:diamond":19,"minecraft:spruce_boat":16,"minecraft:waxed_oxidized_copper_grate":1,"minecraft:cracked_polished_blackstone_bricks":52,"minecraft:granite":55,"minecraft:crossbow":1,"minecraft:breeze_rod":5,"minecraft:golden_apple":2,"minecraft:spruce_sign":3,"minecraft:emerald":76,"minecraft:bread":10,"minecraft:light_gray_carpet":3,"minecraft:netherrack":284,"minecraft:crimson_roots":10,"minecraft:diamond_pickaxe":1,"minecraft:lingering_potion":6,"minecraft:spruce_leaves":16,"minecraft:ominous_bottle":6,"minecraft:splash_potion":8,"minecraft:chicken":2,"minecraft:gold_block":8,"minecraft:diamond_horse_armor":1,"minecraft:brick":48,"minecraft:shield":2,"minecraft:wind_charge":19,"minecraft:iron_axe":1,"minecraft:flint_and_steel":1,"minecraft:blackstone":158,"minecraft:cracked_stone_bricks":3,"minecraft:beef":14,"minecraft:iron_nugget":175,"minecraft:guster_pottery_sherd":1,"minecraft:waxed_oxidized_copper":89,"minecraft:raw_iron":3,"minecraft:bamboo_hanging_sign":2,"minecraft:fire_charge":41,"minecraft:polished_blackstone_bricks":89,"minecraft:carrot":9,"minecraft:redstone":36,"minecraft:music_disc_creator_music_box":1,"minecraft:arrow":169,"minecraft:weeping_vines":2,"minecraft:diamond_chestplate":1,"minecraft:decorated_pot":1,"minecraft:nether_bricks":6,"minecraft:diamond_boots":1,"minecraft:saddle":3,"minecraft:gold_ingot":304,"minecraft:tuff_bricks":2,"minecraft:mutton":7,"minecraft:bone_block":57,"minecraft:white_wool":1,"minecraft:basalt":3,"minecraft:crimson_stem":9,"minecraft:leather":23,"minecraft:red_glazed_terracotta":2,"minecraft:red_mushroom":2,"minecraft:filled_map":1,"minecraft:birch_planks":1,"minecraft:ice":453,"minecraft:waxed_copper_bulb":3,"minecraft:oak_log":16,"minecraft:waxed_copper_block":9,"minecraft:nether_wart_block":9,"minecraft:gunpowder":3,"minecraft:blue_bed":2,"minecraft:cooked_mutton":5,"minecraft:stone_bricks":4,"minecraft:iron_ingot":65,"minecraft:cooked_chicken":8,"minecraft:iron_sword":4,"minecraft:soul_sand":167,"minecraft:warped_fungus":2,"minecraft:birch_boat":1,"minecraft:pumpkin":6,"minecraft:waxed_exposed_copper_bulb":2,"minecraft:quartz":123,"minecraft:gravel":357,"minecraft:lava_bucket":1,"minecraft:blast_furnace":3,"minecraft:white_bed":2,"minecraft:spruce_log":516,"minecraft:crying_obsidian":20,"minecraft:spider_eye":2,"minecraft:polished_tuff":4,"minecraft:slime_ball":76,"minecraft:chainmail_leggings":1,"minecraft:iron_helmet":3,"minecraft:diamond_axe":4,"minecraft:baked_potato":21,"minecraft:coal":115,"minecraft:ender_pearl":4},"minecraft:killed_by":{"minecraft:piglin_brute":1,"minecraft:creeper":1},"minecraft:used":{"minecraft:iron_shovel":754,"minecraft:chest":4,"minecraft:shield":10,"minecraft:iron_sword":217,"minecraft:stone":5,"minecraft:rotten_flesh":23,"minecraft:spruce_leaves":1,"minecraft:soul_sand":77,"minecraft:carrot":8,"minecraft:waxed_copper_grate":8,"minecraft:obsidian":3,"minecraft:spruce_boat":17,"minecraft:snowball":15,"minecraft:waxed_oxidized_copper":37,"minecraft:lava_bucket":1,"minecraft:lantern":5,"minecraft:golden_sword":15,"minecraft:magma_block":2,"minecraft:bow":240,"minecraft:potato":147,"minecraft:stripped_spruce_wood":2,"minecraft:mossy_stone_bricks":1,"minecraft:diorite":9,"minecraft:wither_skeleton_skull":2,"minecraft:blackstone":57,"minecraft:blue_bed":2,"minecraft:diamond_axe":726,"minecraft:golden_apple":2,"minecraft:blast_furnace":3,"minecraft:crossbow":1,"minecraft:bread":12,"minecraft:iron_door":12,"minecraft:gravel":11,"minecraft:andesite":15,"minecraft:birch_log":2,"minecraft:ice":117,"minecraft:bone_meal":277,"minecraft:flint_and_steel":12,"minecraft:spruce_planks":10,"minecraft:trial_key":6,"minecraft:cooked_chicken":5,"minecraft:netherrack":221,"minecraft:brewing_stand":1,"minecraft:dirt":208,"minecraft:granite":3,"minecraft:shroomlight":4,"minecraft:iron_axe":138,"minecraft:spruce_button":1,"minecraft:bamboo_hanging_sign":3,"minecraft:iron_boots":1,"minecraft:soul_soil":21,"minecraft:cooked_beef":17,"minecraft:cobbled_deepslate":24,"minecraft:cooked_mutton":1,"minecraft:water_bucket":1,"minecraft:snow_block":203,"minecraft:baked_potato":104,"minecraft:spruce_sign":1,"minecraft:fletching_table":5,"minecraft:polished_blackstone_bricks":3,"minecraft:gilded_blackstone":1,"minecraft:crafting_table":6,"minecraft:white_bed":2,"minecraft:ender_eye":2,"minecraft:diamond_pickaxe":1205,"minecraft:wind_charge":1,"minecraft:cracked_polished_blackstone_bricks":2,"minecraft:iron_pickaxe":255,"minecraft:cobblestone":109,"minecraft:potion":1,"minecraft:cooked_porkchop":23,"minecraft:bucket":4,"minecraft:splash_potion":3}},"DataVersion":3953}